sentiment,cleaned_comment
0.0,pengungsi korban gempa kabupaten cianjur mendiami tenda tenda terindikasi mengalami ganguan mental emosional angka persentase penderitanya relatif tingi medcomid
-9.090909090909092,fpijawabaratmpi jabar gelar trauma healing anak anak korban gempa cianjur cugenang
0.0,desember yayasan asih mulia laksana serahkan donasi bantuan korban gempa cianjur cianjur jawabarat indonesia
0.0,terimakasih donatur yg terlibat dlm kegiatan peduli gempa cianjur semoga alah swt senantiasa membalasnya dg keberkahan imbalan pahala amin dri ikatan alumni lintas angkatan sman peduligempacianjur
0.0,bantuan kalimantan selatan diterima korban gempa cianjur
0.0,peduli korban gempa cianjur rutan cipinang kemenkumham dki jakarta ikuti kegiatan kumham peduli cianjur
0.0,paska gempa cianjur back camp pengungsian orang tua yg sdh sepuh sing cager umur
0.0,kemensos salurkan bantuan tunai anak yatim piatu paska gempa cianjur
0.0,semoga uas bljr sm gus baha gempa cianjur kemaren berhutang budi anjing korban yg ditemukan bantuan anjing pelacak anjing yg memiliki penciuman tajam membedakan bahan peledak bom narkoba
0.0,respon cepat bin salurkan bantuan korban gempa cianjur terbaik binresponcepatbencanalam binpedulikorbanbencana binturutberdukagempacianjur binhadircepatuntukrakyat binpedulisesama
0.0,situs gunung padang sepi akibat gempa cianjur riwayat pesona daya tariknya
0.0,bantuan utk korban gempa cianjur yg rumahnya rusak berat rp juta subsidi pemerintah mobil listrik rp juta korban gempa mayoritas rakyat miskin dapatnya drpd org kaya yg beli mobil listrik ngaji pelafal quran
0.0,terbaik banget nih puluhan prajurit yonif bjw diterjunkan bersihkan puing bangunan pasca gempa cianjur ksad jenderal dudung abdurachmanangkatan darat hati rakyatulus utamakan rakyat
0.0,lazisnu jawa timur serahkan bantuan warga terdampak gempa cianjur senilai rp juta
0.0,rekap dana donasi dokumentasi korban gempa cianjur halo sobat tc pengen tau hasil amal pengeluaran salurkan gerakan menyumbang kepo keseruan kegiatanya
0.0,tahukah saudarasebangsa paket dana bantuan perbaikan pembangunan rumah korban gempa cianjur dibagikan paket lainya diurus kementerian keuangan
0.0,gresik terbesar donasi lazisnu jatim peduli gempa cianjur rp juta
-9.090909090909092,semangat mental korban gempa cianjur berusaha dipulihkan tim trauma healing binbinresponcepatbencanalambinpedulikorbanbencanabinturutberdukagempacianjurbinhadircepatuntukrakyatbinpedulisesama
-10.0,tim trauma healing untk bngkitkan semngat mental korban gempa cianjurbinresponcepatbencanalambinpedulikorbanbencanabinturutberdukagempacianjurbinhadircepatuntukrakyatbinpedulisesama
0.0,pengungsi gempa cianjur terindikasi alami ganguan mental
0.0,bin bngkitkan semngat mental korban gempa cianjur binresponcepatbencanalam binpedulikorbanbencana binturutberdukagempacianjur binhadircepatuntukrakyat binpedulisesama
-9.090909090909092,semangat mental korban gempa cianjur berusaha dipulihkan tim trauma healing binbinresponcepatbencanalambinpedulikorbanbencanabinturutberdukagempacianjurgempacianjurgempabumicianjurberduka
0.0,bin membantu pulihkan semangat anak anak korban gempa cianjur binresponcepatbencanalam binpedulikorbanbencana binturutberdukagempacianjur binhadircepatuntukrakyat binpedulisesama
0.0,bin bergerak membantu korban gempa cianjur binresponcepatbencanalambinpedulikorbanbencanabinturutberdukagempacianjurgempacianjurgempabumicianjurberduka
0.0,bin bergerak membantu korban dampak gempa cianjur binresponcepatbencanalambinpedulikorbanbencanabinturutberdukagempacianjurgempacianjurgempabumicianjurberduka
0.0,bin bantuan warga trdampak gempa cianjurbinresponcepatbencanalambinpedulikorbanbencanabinturutberdukagempacianjurgempacianjurgempabumicianjurberduka
0.0,korban gempa cianjur berusaha dibantu pulih binbinresponcepatbencanalambinpedulikorbanbencanabinturutberdukagempacianjurgempacianjurgempabumicianjurberduka
0.0,bin bantu pulihkan semangat mental korban gempa cianjurbinresponcepatbencanalambinpedulikorbanbencanabinturutberdukagempacianjurgempacianjurgempabumicianjurberduka
0.0,bin berusaha membangkitkan semangat mental korban gempa cianjurbinresponcepatbencanalambinpedulikorbanbencanabinturutberdukagempacianjurgempacianjurgempabumicianjurberduka
0.0,bin bergerak membantu korban gempa cianjurbinresponcepatbencanalambinpedulikorbanbencanabinturutberdukagempacianjurgempacianjurgempabumicianjurberduka
0.0,semangat mental korban gempa cianjur dipulihkan kembalibinresponcepatbencanalambinpedulikorbanbencanabinturutberdukagempacianjurgempacianjurgempabumicianjurberduka
0.0,bin menembus desa terisolir bantuan warga trdampak gempa cianjurbinresponcepatbencanalambinpedulikorbanbencanabinturutberdukagempacianjurgempacianjurgempabumicianjurberduka
-11.11111111111111,bin membantu korban gempa cianjur tdk mengalami trauma binresponcepatbencanalambinpedulikorbanbencanabinturutberdukagempacianjurgempacianjurgempabumicianjurberduka
0.0,pmi distribusikan juta liter air bersih warga korban gempa cianjur
0.0,sesar aktif jabar salah satunya ditemukan pasca gempa cianjur lengkapcepatberitanya beritaterkini
-9.090909090909092,tim trauma healing diterjunkan utk membangkitkan semangat mental korban gempa cianjurbinresponcepatbencanalambinpedulikorbanbencanabinturutberdukagempacianjurgempacianjurgempabumicianjurberduka
-11.11111111111111,tim trauma healing diterjunkan utk membantu korban gempa cianjurbinresponcepatbencanalambinpedulikorbanbencanabinturutberdukagempacianjurgempacianjurgempabumicianjurberduka
0.0,piti mengirimkan bantuan korban gempa cianjur merahputihcom piti korban gempabumi cianjur
0.0,bin tembus desa terisolir bantuan warga trdampak gempa cianjur binresponcepatbencanalam binpedulikorbanbencana binturutberdukagempacianjur binhadircepatuntukrakyat binpedulisesama
-6.25,terjunkan tim trauma healing untk bngkitkan semngat mental korban gempa cianjur binresponcepatbencanalam binpedulikorbanbencana binturutberdukagempacianjur binhadircepatuntukrakyat binpedulisesama
0.0,proses pembangunan masjid darurat korban gempa cianjur kolaborasi orangbaik masjid siti djirzanah
-9.090909090909092,terjunkan tim trauma healing untk bngkitkan semngat mental korban gempa cianjurbinresponcepatbencanalambinpedulikorbanbencanabinturutberdukagempacianjurbinhadircepatuntukrakyatbinpedulisesama
0.0,bin tembus desa terisolir bantuan warga trdampak gempa cianjurbinresponcepatbencanalambinpedulikorbanbencanabinturutberdukagempacianjurbinhadircepatuntukrakyatbinpedulisesama
-7.6923076923076925,tim trauma healing bangkitkan semangat mental korban gempa cianjur terima kasih bin binresponcepatbencanalambinpedulikorbanbencanabinturutberdukagempacianjurbinhadircepatuntukrakyatbinpedulisesama
0.0,bin hinga tembus desa terisolir bantuan warga terdampak gempa cianjurbinresponcepatbencanalambinpedulikorbanbencanabinturutberdukagempacianjurbinhadircepatuntukrakyatbinpedulisesama
0.0,makan siang dapur balita gempa cianjur telur kari cah bayam wortel nasi lunak utk bayi dijadikan nasi tim bubur targetkan dapur pmba mpasi utk bayi balita penyintas gempa cianjur sat dapur yg kelola
0.0,alhamdulilah semoga bin tim kesehatan membantu korban gempa cianjur binresponcepatbencanalambinpedulikorbanbencanabinturutberdukagempacianjurbinhadircepatuntukrakyatbinpedulisesama
0.0,keren bin korban gempa cianjur bersemangat binresponcepatbencanalambinpedulikorbanbencanabinturutberdukagempacianjurbinhadircepatuntukrakyatbinpedulisesama
0.0,ogah bngt udah buang buang duit aja mnding galang dana korban gempa cianjur lbh br mnfat lbh manusiawi
0.0,keren bin bantuan korban gempa cianjur layanan dor to dor binresponcepatbencanalambinpedulikorbanbencanabinturutberdukagempacianjurbinhadircepatuntukrakyatbinpedulisesama
0.0,terimakasih bin tim yg membantu korban gempa cianjur binresponcepatbencanalambinpedulikorbanbencanabinturutberdukagempacianjurbinhadircepatuntukrakyatbinpedulisesama
0.0,keren semoga korban gempa cianjur pulih binresponcepatbencanalambinpedulikorbanbencanabinturutberdukagempacianjurbinhadircepatuntukrakyatbinpedulisesama
0.0,klaim gempa cianjur berpotensi mencapai rp triliun
-7.6923076923076925,mantap bin terjunkan tim trauma healing bangkitkan semangat mental korban gempa cianjur binresponcepatbencanalambinpedulikorbanbencanabinturutberdukagempacianjurbinhadircepatuntukrakyatbinpedulisesama
0.0,keren bin tembus desa terisolir bantuan warga terdampak gempa cianjur binresponcepatbencanalambinpedulikorbanbencanabinturutberdukagempacianjurbinhadircepatuntukrakyatbinpedulisesama
0.0,posko bantuan bin bermanfat korban gempa cianjur
0.0,lembaga bin membantu korban cianjur bin pedulibinresponcepatbencanalambinpedulikorbanbencanabinturutberdukagempacianjurbinhadircepatuntukrakyatbinpedulisesama
0.0,alhamdulilah bin bantuan korban gempa cianjur binresponcepatbencanalambinpedulikorbanbencanabinturutberdukagempacianjurbinhadircepatuntukrakyatbinpedulisesama
0.0,mantap bin bantu korban gempa cianjur layanan dor to dor binresponcepatbencanalambinpedulikorbanbencanabinturutberdukagempacianjurbinhadircepatuntukrakyatbinpedulisesama
0.0,apersi peduli bantuan kemanusian korban gempa cianjur
0.0,kabid humas polda jabar polri berperan aktif pendistirbusian bantuan sosial korban gempa cianjur suara km media kabid humas polda jabar polri berperan aktif pendistirbusian bantuan sosial korban gempa cianjur
12.5,news bin berupaya lakukan recovery korban gempa cianjurbinresponcepatbencanalambinpedulikorbanbencanabinturutberdukagempacianjurbinhadircepatuntukrakyatbinpedulisesama
0.0,news bin salurkan bantuan korban terdampak gempa cianjurbinresponcepatbencanalambinpedulikorbanbencanabinturutberdukagempacianjurbinhadircepatuntukrakyatbinpedulisesama
-14.285714285714286,news bin trauma healing korban gempa cianjurbinresponcepatbencanalambinpedulikorbanbencanabinturutberdukagempacianjurbinhadircepatuntukrakyatbinpedulisesama
0.0,news bin tembus desa terisolir demu salurkan bantuan korban gempa cianjurbinresponcepatbencanalambinpedulikorbanbencanabinturutberdukagempacianjurbinhadircepatuntukrakyatbinpedulisesama
12.5,info bin berupaya lakukan recovery korban gempa cianjurbinresponcepatbencanalambinpedulikorbanbencanabinturutberdukagempacianjurbinhadircepatuntukrakyatbinpedulisesama
0.0,info bin salurkan bantuan korban terdampak gempa cianjurbinresponcepatbencanalambinpedulikorbanbencanabinturutberdukagempacianjurbinhadircepatuntukrakyatbinpedulisesama
-14.285714285714286,info bin trauma healing korban gempa cianjurbinresponcepatbencanalambinpedulikorbanbencanabinturutberdukagempacianjurbinhadircepatuntukrakyatbinpedulisesama
0.0,info bin tembus desa terisolir demu salurkan bantuan korban gempa cianjurbinresponcepatbencanalambinpedulikorbanbencanabinturutberdukagempacianjurbinhadircepatuntukrakyatbinpedulisesama
0.0,mensos anak anak yatim piatu korban gempa cianjur cita cita tingi insiden insiden
14.285714285714286,bin berupaya lakukan recovery korban gempa cianjurbinresponcepatbencanalambinpedulikorbanbencanabinturutberdukagempacianjurbinhadircepatuntukrakyatbinpedulisesama
0.0,bin salurkan bantuan korban terdampak gempa cianjurbinresponcepatbencanalambinpedulikorbanbencanabinturutberdukagempacianjurbinhadircepatuntukrakyatbinpedulisesama
-16.666666666666668,bin trauma healing korban gempa cianjurbinresponcepatbencanalambinpedulikorbanbencanabinturutberdukagempacianjurbinhadircepatuntukrakyatbinpedulisesama
0.0,bin tembus desa terisolir demu salurkan bantuan korban gempa cianjurbinresponcepatbencanalambinpedulikorbanbencanabinturutberdukagempacianjurbinhadircepatuntukrakyatbinpedulisesama
0.0,bin peduli kondisi kesehatan warga terdampak gempa cianjurbinresponcepatbencanalambinpedulikorbanbencanabinturutberdukagempacianjurbinhadircepatuntukrakyatbinpedulisesama
-12.5,kegiatan trauma healing anak anak korban gempa cianjurbinresponcepatbencanalambinpedulikorbanbencanabinturutberdukagempacianjurbinhadircepatuntukrakyatbinpedulisesama
0.0,bin peduli pengungsi korban gempa cianjurbinresponcepatbencanalambinpedulikorbanbencanabinturutberdukagempacianjurbinhadircepatuntukrakyatbinpedulisesama
0.0,bin bergerak cepat pulihkan gempa cianjurbinresponcepatbencanalambinpedulikorbanbencanabinturutberdukagempacianjurbinhadircepatuntukrakyatbinpedulisesama
0.0,bin peduli kemanusian korban gempa cianjur binresponcepatbencanalam binpedulikorbanbencana binturutberdukagempacianjur binhadircepatuntukrakyat binpedulisesama
0.0,ratusan pengungsi korban gempa cianjur posko bantuan bin bantu kemanusian binresponcepatbencanalam binpedulikorbanbencana binturutberdukagempacianjur binhadircepatuntukrakyat binpedulisesama
-12.5,bin membantu korban gempa cianjur mengalami trauma binresponcepatbencanalambinpedulikorbanbencanabinturutberdukagempacianjurbinhadircepatuntukrakyatbinpedulisesama
-7.6923076923076925,badan intelijen negara terjunkan tim trauma healing kebangkitan semangat mental korban gempa cianjurbinresponcepatbencanalambinpedulikorbanbencanabinturutberdukagempacianjurgempacianjurgempabumicianjurberduka
0.0,ratusan pengungsi korban gempa cianjur posko bantuan bin bantuan kemanusian binresponcepatbencanalam binpedulikorbanbencana binturutberdukagempacianjur binhadircepatuntukrakyat binpedulisesama
0.0,bangkitkan semangat mental korban gempa cianjurbinresponcepatbencanalambinpedulikorbanbencanabinturutberdukagempacianjurbinhadircepatuntukrakyatbinpedulisesama
-12.5,tim trauma healing bin membantu korban gempa cianjurbinresponcepatbencanalambinpedulikorbanbencanabinturutberdukagempacianjurbinhadircepatuntukrakyatbinpedulisesama
-12.5,tim trauma healing bin bantu korban gempa cianjurbinresponcepatbencanalambinpedulikorbanbencanabinturutberdukagempacianjurbinhadircepatuntukrakyatbinpedulisesama
0.0,tim traumw healing bangkitkan semangat mental korban gempa cianjurbinresponcepatbencanalambinpedulikorbanbencanabinturutberdukagempacianjurbinhadircepatuntukrakyatbinpedulisesama
0.0,mas bukumu masuk diselamatkan pasca gempa cianjur
0.0,bin bangkitkan semangat mental korban gempa cianjur binresponcepatbencanalambinpedulikorbanbencanabinturutberdukagempacianjurbinhadircepatuntukrakyatbinpedulisesama
0.0,tim posko bin bantuan warga terdampak gempa cianjur binresponcepatbencanalambinpedulikorbanbencanabinturutberdukagempacianjurbinhadircepatuntukrakyatbinpedulisesama
0.0,alhamdulilah terimakasih bin yg udah peduli korban gempa cianjur binresponcepatbencanalambinpedulikorbanbencanabinturutberdukagempacianjurbinhadircepatuntukrakyatbinpedulisesama
0.0,posko bantuan bin sigap bantu korban gempa cianjurbinresponcepatbencanalambinpedulikorbanbencanabinturutberdukagempacianjurbinhadircepatuntukrakyatbinpedulisesama
-10.0,tim trauma healing bin bangkitkan semangat mental korban gempa cianjurbinresponcepatbencanalambinpedulikorbanbencanabinturutberdukagempacianjurbinhadircepatuntukrakyatbinpedulisesama
-11.11111111111111,tim trauma healing bantu anak anak korban gempa cianjurbinresponcepatbencanalambinpedulikorbanbencanabinturutberdukagempacianjurbinhadircepatuntukrakyatbinpedulisesama
-12.5,bin bantuan tim trauma healing korban gempa cianjurbinresponcepatbencanalambinpedulikorbanbencanabinturutberdukagempacianjurbinhadircepatuntukrakyatbinpedulisesama
0.0,warga korban gempa cianjur berterima kasih bin sedah bantuan logistikbinresponcepatbencanalambinpedulikorbanbencanabinturutberdukagempacianjurbinhadircepatuntukrakyatbinpedulisesama
0.0,terimakasih bin bantu korban gempa cianjurbinresponcepatbencanalambinpedulikorbanbencanabinturutberdukagempacianjurbinhadircepatuntukrakyatbinpedulisesama
0.0,salah warga mewakili pengungsi korban gempa cianjur berterima kasih binbinresponcepatbencanalambinpedulikorbanbencanabinturutberdukagempacianjurbinhadircepatuntukrakyatbinpedulisesama
0.0,bantu korban gempa cianjurbinresponcepatbencanalambinpedulikorbanbencanabinturutberdukagempacianjurbinhadircepatuntukrakyatbinpedulisesama
0.0,andreas insap perwakilan dinas kesehatan kabupaten cianjur senang bin melayani masyarakat korban gempa cianjurbinresponcepatbencanalambinpedulikorbanbencanabinturutberdukagempacianjurbinhadircepatuntukrakyatbinpedulisesama
-16.666666666666668,korban gempa cianjur layanan trauma healingbinresponcepatbencanalambinpedulikorbanbencanabinturutberdukagempacianjurbinhadircepatuntukrakyatbinpedulisesama
0.0,bian bantu layanan kesehatan korban gempa cianjurbinresponcepatbencanalambinpedulikorbanbencanabinturutberdukagempacianjurbinhadircepatuntukrakyatbinpedulisesama
0.0,cepat bin pelayanan kesehatan warga terdampak gempa cianjurbinresponcepatbencanalambinpedulikorbanbencanabinturutberdukagempacianjurbinhadircepatuntukrakyatbinpedulisesama
0.0,layanan kesehatan bin korban gempa cianjur diapresiasibinresponcepatbencanalambinpedulikorbanbencanabinturutberdukagempacianjurbinhadircepatuntukrakyatbinpedulisesama
-11.11111111111111,trauma healing bangkitkan semangat mental korban gempa cianjur binresponcepatbencanalambinpedulikorbanbencanabinturutberdukagempacianjurbinhadircepatuntukrakyatbinpedulisesama
0.0,bin kerahkan bantuan wilayah terpencil korban gempa cianjur binresponcepatbencanalam binpedulikorbanbencana binturutberdukagempacianjur binhadircepatuntukrakyat binpedulisesama
0.0,bin tembus daerah terisolir bantuan warga terdampak gempa cianjur binresponcepatbencanalambinpedulikorbanbencanabinturutberdukagempacianjurbinhadircepatuntukrakyatbinpedulisesama
-7.6923076923076925,tim trauma healing bin bangkitkan semangat mental korban gempa cianjur keren bin binresponcepatbencanalambinpedulikorbanbencanabinturutberdukagempacianjurbinhadircepatuntukrakyatbinpedulisesama
-8.333333333333334,bin terjunkan tim trauma healing bangkitkan semangat mental korban gempa cianjur binresponcepatbencanalambinpedulikorbanbencanabinturutberdukagempacianjurbinhadircepatuntukrakyatbinpedulisesama
0.0,tim kemanusian bin sisir warga terdampak gempa cianjur hinga desa terisolir binresponcepatbencanalam binpedulikorbanbencana binturutberdukagempacianjur binhadircepatuntukrakyat binpedulisesama
0.0,terima kasih bin bergerak cepat bantuan korban gempa cianjurbinresponcepatbencanalambinpedulikorbanbencanabinturutberdukagempacianjurbinhadircepatuntukrakyatbinpedulisesama
-9.090909090909092,menghilangkan trauma korban gempa cianjur bin menurunkan tim trauma healing binresponcepatbencanalambinpedulikorbanbencanabinturutberdukagempacianjurbinhadircepatuntukrakyatbinpedulisesama
0.0,banga tindakan lakukan bin korban gempa cianjur binresponcepatbencanalambinpedulikorbanbencanabinturutberdukagempacianjurbinhadircepatuntukrakyatbinpedulisesama
0.0,bin cepat tangap bantuan korban gempa cianjurbinresponcepatbencanalambinpedulikorbanbencanabinturutberdukagempacianjurbinhadircepatuntukrakyatbinpedulisesama
0.0,apresiasi bin membangkitkan semangat warga korban gempa cianjurbinresponcepatbencanalambinpedulikorbanbencanabinturutberdukagempacianjurbinhadircepatuntukrakyatbinpedulisesama
-12.5,tim trauma healing bangkitkan semangat korban gempa cianjurbinresponcepatbencanalambinpedulikorbanbencanabinturutberdukagempacianjurbinhadircepatuntukrakyatbinpedulisesama
-9.090909090909092,bin terjunkan tim trauma healing bangkitkan semangat warga korban gempa cianjurbinresponcepatbencanalambinpedulikorbanbencanabinturutberdukagempacianjurbinhadircepatuntukrakyatbinpedulisesama
0.0,mantap bin kemendagri bangun posko pembuatan data kependudukan korban gempa cianjur binresponcepatbencanalam binpedulikorbanbencana binturutberdukagempacianjur binhadircepatuntukrakyat binpedulisesama
-9.090909090909092,tim trauma healing bin bangkitkan semangat mental korban gempa cianjur binresponcepatbencanalambinpedulikorbanbencanabinturutberdukagempacianjurbinhadircepatuntukrakyatbinpedulisesama
0.0,bin salurkan bantuan wilayah terisolir gempa cianjur binresponcepatbencanalam binpedulikorbanbencana binturutberdukagempacianjur binhadircepatuntukrakyat binpedulisesama
0.0,bin peduli korban bencana gempa cianjur pray for cianjur binresponcepatbencanalambinpedulikorbanbencanabinturutberdukagempacianjurbinhadircepatuntukrakyatbinpedulisesama
0.0,bin peduli korban bencana gempa cianjurbinresponcepatbencanalambinpedulikorbanbencanabinturutberdukagempacianjurbinhadircepatuntukrakyatbinpedulisesama
0.0,posko bantuan bin terjunkan healing utk bangkitkan semangat mental korban gempa cianjur binresponcepatbencanalam binpedulikorbanbencanabinturutberdukagempacianjur binhadircepatuntukrakyatbinpedulisesama
0.0,salurkan bantuan penyintas gempa cianjur jsit indonesia cianjur bangkit globalnews
0.0,mantap bin tembus desa terisolir bantu warga terdampak gempa cianjurbinresponcepatbencanalambinpedulikorbanbencanabinturutberdukagempacianjurbinhadircepatuntukrakyatbinpedulisesama
0.0,bin membantu bangkitkan semangat mental korban gempa cianjur binresponcepatbencanalambinpedulikorbanbencanabinturutberdukagempacianjurbinhadircepatuntukrakyatbinpedulisesama
-9.090909090909092,bin terjunkan tim trauma healing bangkitkan semangat mental korban gempa cianjur
-10.0,terjunkan tim trauma healing bangklitkan semangat mental gempa cianjur binresponcepatbencanalambinpedulikorbanbencanabinturutberdukagempacianjurbinhadircepatuntukrakyatbinpedulisesama
0.0,bin tembus desa terisolir bantuan warga gempa cianjur binresponcepatbencanalambinpedulikorbanbencanabinturutberdukagempacianjurbinhadircepatuntukrakyatbinpedulisesama
-9.090909090909092,korban gempa cianjur layanan trauma healing mengalami trauma pasca bencana binresponcepatbencanalambinpedulikorbanbencanabinturutberdukagempacianjurbinhadircepatuntukrakyatbinpedulisesama
-10.0,bin terjunkan tim trauma healing membantu korban gempa cianjur binresponcepatbencanalambinpedulikorbanbencanabinturutberdukagempacianjurbinhadircepatuntukrakyatbinpedulisesama
-9.090909090909092,bin terjunkan tim trauma healing bangkitakan semangat mental korban gempa cianjurbinresponcepatbencanalambinpedulikorbanbencanabinturutberdukagempacianjurbinhadircepatuntukrakyatbinpedulisesama
-7.142857142857143,badan intelijen negara terjunkan tim trauma healing membantu korban gempa cianjur binresponcepatbencanalam binpedulikorbanbencanabinturutberdukagempacianjur binhadircepatuntukrakyatbinpedulisesama
0.0,bin pelayanan kesehatan korban pengungsi gempa cianjur posko bantuan bin pray for cianjur binresponcepatbencanalambinpedulikorbanbencanabinturutberdukagempacianjurbinhadircepatuntukrakyatbinpedulisesama
0.0,bin bantu pulihkan kecerian korban gempa cianjur keren binresponcepatbencanalambinpedulikorbanbencanabinturutberdukagempacianjurbinhadircepatuntukrakyatbinpedulisesama
0.0,mantap bin kembalikan tawa anak anak korban gempa cianjurbinresponcepatbencanalambinpedulikorbanbencanabinturutberdukagempacianjurbinhadircepatuntukrakyatbinpedulisesama
0.0,bin dirikan posko bantuan membagikan sembako layanan kesehatan warga korban gempa cianjur binresponcepatbencanalam binpedulikorbanbencanabinturutberdukagempacianjur binhadircepatuntukrakyatbinpedulisesama
-6.666666666666667,posko bantuan bin gelar kegiatan trauma healing korban bencana gempa cianjur pray for cianjur binresponcepatbencanalambinpedulikorbanbencanabinturutberdukagempacianjurbinhadircepatuntukrakyatbinpedulisesama
0.0,tim posko bin tembus desa terisolir bantuan korban gempa cianjurbinresponcepatbencanalambinpedulikorbanbencanabinturutberdukagempacianjurbinhadircepatuntukrakyatbinpedulisesama
0.0,bin respon cepat korban bencana alam gempa cianjur pray for cianjur binresponcepatbencanalambinpedulikorbanbencanabinturutberdukagempacianjurbinhadircepatuntukrakyatbinpedulisesama
-11.11111111111111,bin terjunkan tim trauma healing membantu korban gempa cianjurbinresponcepatbencanalambinpedulikorbanbencanabinturutberdukagempacianjurbinhadircepatuntukrakyatbinpedulisesama
-7.142857142857143,bin terjunkan tim trauma healing bangkitkan semangat mental korban gempa cianjur binresponcepatbencanalam binpedulikorbanbencanabinturutberdukagempacianjur binhadircepatuntukrakyatbinpedulisesama
-11.11111111111111,tim trauma healing bangkitkan semangat mental korban gempa cianjurbinresponcepatbencanalambinpedulikorbanbencanabinturutberdukagempacianjurbinhadircepatuntukrakyatbinpedulisesama
-12.5,bin terbaik lakukan trauma healing korban gempa cianjurbinresponcepatbencanalambinpedulikorbanbencanabinturutberdukagempacianjurbinhadircepatuntukrakyatbinpedulisesama
-9.090909090909092,bin terjunkan tim trauma healng bangkitkan semangat mental korban gempa cianjurbinresponcepatbencanalambinpedulikorbanbencanabinturutberdukagempacianjurbinhadircepatuntukrakyatbinpedulisesama
-7.6923076923076925,posko bantuan bin terjunkan tim trauma healing bangkitkan semangat mental korban gempa cianjurbinresponcepatbencanalambinpedulikorbanbencanabinturutberdukagempacianjurbinhadircepatuntukrakyatbinpedulisesama
-7.142857142857143,badan intelijen negara menerjunkan tim trauma healing membantu korban gempa cianjur trauma healing binresponcepatbencanalambinpedulikorbanbencanabinturutberdukagempacianjurbinhadircepatuntukrakyatbinpedulisesama
0.0,mensos risma anak anak yatim piatu gempa cianjur cita cita tingifolow berita menarik lainya
-7.6923076923076925,badan intelijen negara terjunkan tim trauma healing bangkitkan semangat mental korban gempa cianjurbinresponcepatbencanalambinpedulikorbanbencanabinturutberdukagempacianjurbinhadircepatuntukrakyatbinpedulisesama
-8.333333333333334,terjunkan tim trauma healing bin mencoba membangkitkan semangat mental korban gempa cianjurbinresponcepatbencanalambinpedulikorbanbencanabinturutberdukagempacianjurbinhadircepatuntukrakyatbinpedulisesama
0.0,tim posko bantuan bin tembus desa terisolir bantuan warga terdampak gempa cianjurbinresponcepatbencanalambinpedulikorbanbencanabinturutberdukagempacianjurbinhadircepatuntukrakyatbinpedulisesama
0.0,posko bantuan bin bangkitkan semangat mental korban gempa cianjur binresponcepatbencanalambinpedulikorbanbencanabinturutberdukagempacianjurbinhadircepatuntukrakyatbinpedulisesama
-7.142857142857143,posko bantuan bin terjunkan tim trauma healing utk bangkitkan semangat mental korban gempa cianjurbinresponcepatbencanalambinpedulikorbanbencanabinturutberdukagempacianjurbinhadircepatuntukrakyatbinpedulisesama
0.0,pmi bantu kebutuhan air bersih warga korban gempa cianjur
-10.0,bin tim trauma healing bangkitkan semangat mental korban gempa cianjurbinresponcepatbencanalambinpedulikorbanbencanabinturutberdukagempacianjurbinhadircepatuntukrakyatbinpedulisesama
0.0,bin tembus desa terisolir bantuan warga terdampak gempa cianjur binresponcepatbencanalambinpedulikorbanbencanabinturutberdukagempacianjurbinhadircepatuntukrakyatbinpedulisesama
0.0,puluhan prajurit yonif bjw diterjunkan bersihkan puing bangunan pasca gempa cianjur
0.0,salurkan bantuan penyintas gempa cianjur jsit indonesia cianjur bangkit
-5.882352941176471,bantuan kemanusian bin mengandeng mahasiswa gelar trauma healing korban gempa cianjur binresponcepatbencanalam binpedulikorbanbencana binturutberdukagempacianjur gempacianjur gempabumi cianjurberduka
20.0,bantuankemanusiandtnpapa recovery pasca gempa cianjur
0.0,mantap bin sisir daerah terpencil korban gempa cianjur pray for cianjur binresponcepatbencanalam binpedulikorbanbencana binturutberdukagempacianjur gempacianjur gempabumi cianjurberduka
0.0,korban gempa cianjur kuat lekas pulih cianjur binresponcepatbencanalam binresponcepatbencanalam binpedulikorbanbencana binturutberdukagempacianjur binhadircepatuntukrakyat binpedulisesama
0.0,mantap bin gerak cepat bantu mitigasi gempa cianjur binresponcepatbencanalam binpedulikorbanbencana binturutberdukagempacianjur gempacianjur gempabumi cianjurberduka
-5.882352941176471,bantuan kemanusian bin mengandeng mahasiswa gelar trauma healing korban gempa cianjur binresponcepatbencanalam binpedulikorbanbencana binturutberdukagempacianjur binhadircepatuntukrakyat binberikandukunganyata binpedulisesama
0.0,bin berduka gempa cianjurbinresponcepatbencanalam binpedulikorbanbencana binturutberdukagempacianjur binhadircepatuntukrakyat binpedulisesama
0.0,ngomongin kb keq gempa cianjur keq perkawinan anak presiden yg ramai
0.0,keren bin membuka posko kemanusian titik lokasi gempa cianjur binresponcepatbencanalam binpedulikorbanbencana binturutberdukagempacianjur binhadircepatuntukrakyat binpedulisesama
0.0,mantap bin hinga pelosok bin bantu korban gempa cianjur binresponcepatbencanalam binpedulikorbanbencana binturutberdukagempacianjur binhadircepatuntukrakyat binberikandukunganyata binpedulisesama
0.0,semoga interaksi pulihkan traumatik penyintas gempa cianjur binresponcepatbencanalam binpedulikorbanbencana binturutberdukagempacianjur binhadircepatuntukrakyat binpedulisesama
-9.090909090909092,bin menerjunkan tim trauma healing bangkitkan semangat mental korban gempa cianjurbinresponcepatbencanalambinpedulikorbanbencanabinturutberdukagempacianjurbinhadircepatuntukrakyatbinpedulisesama
0.0,pemerintah desa pemdes muarabakti kecamatan babelan kabupaten bekasi menyalurkan bantuan masyarakat desa kabupaten cianjur jawa barat terdampak gempabumi
0.0,berterimakasih besarnya bin besarnya garda terdepan penangulangan bencana alam gempa cianjur binresponcepatbencanalambinpedulikorbanbencanabinturutberdukagempacianjurbinhadircepatuntukrakyatbinpedulisesama
0.0,apresiasi kinerja bin membantu korban bencana alam gempa cianjurbinresponcepatbencanalambinpedulikorbanbencanabinturutberdukagempacianjurbinhadircepatuntukrakyatbinpedulisesama
0.0,kabar gempa cianjur yg sempet bikin tenda esek
10.0,polri recovery pembersihan puing puing reruntuhan bangunan pasca gempa cianjur
0.0,baznas terima infak perusahan us adira finance bantu korban gempa cianjur
0.0,gini jd relawan gempa cianjur gw komunitas stlh gempa udh donasi tuh berita kemana krn unt dipamerin
0.0,asn kecamatan kepulauan seribu selatan bantuan korban gempa cianjur harian terbit harian terbit
12.5,program recovery relawan nasionaldi lokasi bencana gempa cianjurfpipeduli
0.0,polri berperan aktif pendistribusian bantuan sosial korban gempa cianjur
0.0,yayasan brata bhakti polri serahkan bantuan terdampak gempa cianjur sindonews bukanberitabiasa
0.0,bantuan barang
-11.11111111111111,ampi kak seto trauma healing anak terdampak gempa cianjur
0.0,bin sisir daerah terpencil salurkan bantuan korban gempa cianjur binresponcepatbencanalam binpedulikorbanbencana binturutberdukagempacianjur binhadircepatuntukrakyat binpedulisesama
0.0,pemprov kalsel serahkan bantuan korban gempa cianjur rp juta
0.0,unpas serahkan bantuan korban gempa cianjur
-9.090909090909092,ampi kak seto trauma healing anak terdampak gempa cianjur sindonews bukanberitabiasa
0.0,gempa cianjur gempa berderet memanjang semoga alah jauhkan masyarakat indonesia musibah amin
0.0,pemprov kalsel serahkan bantuan korban gempa cianjur rp juta bantuansosial
0.0,ijin mohon doa relawan semoga dipermudah membangun mushola portabel lokasi korban gempa cianjur
0.0,mahasiswa gundar libur nataru tambang ilegal kaltim gempa cianjur kalideres family
0.0,unit tangki air pmi beroperasi posko pengungsian korban gempa cianjur
0.0,dana umat islam yg mna gub heru mui dki nu dki gub heru berencana mengunakan separuh dana infag dr mesjid dki utk disumbangkan korban gempa cianjur
0.0,piti salurkan bantuan korban gempa cianjur
6.25,biadab org menjadikan penderitan korban kanjuruhan gempa cianjur alat utk mencari honor dgn banyaknya undangan narasumber
0.0,halo mutualku lokasi gempa cianjur niatnya ngasi snack anak anak yg terdampak barangkali berdonasi dm transparansi donasi kasi decara detail terimakasih
0.0,forum csr indonesia dampingi menteri sosial kunjungi posko pengungsian gempa cianjur
0.0,gerak cepat bin gempa cianjur binresponcepatbencanalam
0.0,baznas jatim kirim personel uang tunai rp juta korban gempa cianjur gogle berita berita news bangsaonline
0.0,done kalo beruntung bwt beli beras keluarga korban gempa cianjur senin
0.0,hasil donasi masyarakat apbd pemkot bekasi salurkan bantuan bencana gempa cianjur
0.0,bytedance serahkan donasi korban gempa cianjur
0.0,dilarang mengirim menfes mengandung unsur porno sara politik kebencian teror rasisme keributan rapat evaluasi pos pelayanan gempa cianjur
-3.4482758620689653,makan malam dapur balita gempa cianjur tempe nuget goreng tumis toge nasi lunak utk bayi dijadikan nasi tim bubur mingu penyintas gempa membantu masak dapur kegiatan pemberdayan trauma healing
0.0,penerima beasiswa baznas serahkan bantuan korban gempa cianjur
0.0,lokasi pembangunan hunian korban gempa cianjur kampung buniaga rt desa ciherang kecamatan pacet
0.0,kementerian hukum hak asasi manusia kemenkumham bantuan sosial kumham peduli cianjur masyarakat terdampak gempa november
0.0,merasakan pilunya hati mengucap syukur hadir langsung lokasi bencana gempa cianjur walahu alam bisawab
0.0,anak yatim piatu pasca gempa cianjur mensos bantu tabungan
0.0,peduli korban gempa cianjur dp apersi salurkan bantuan bahan makanan gt gt
0.0,satgas kopasgat tni angkatan udara kenal libur bantu warga kampung nanjung desa cugenang terdampak gempa cianjur
0.0,sat brimob polda jabar bersihkan puing puing rumah masyarakat cugenang pasca gempa cianjurpasca gempa kegiatan alihkan pembersihan puing puing perobohan rumah sdh rusak rencanakan pembuatan rumah pemerintah korban gempa
0.0,rangkaian acara utama kegiatan mendengarkan dongeng menyanyi kak seto
0.0,bantuan warga korban bencana gempa bumi kabupaten cianjur jawa barat mengalir
0.0,bantuan berguna mengoptimalkan peran baznas
0.0,kabid humas polda jabar jaga keamanan polri laksanakan patroli malam pemukiman korban gempapolri sat melaksanakan tugas lokasi gempa cianjur lakukan patroli malam pemukiman masyarakat sabtu
0.0,penambahan alat berat pencarian korban gempa cianjur
0.0,kabid humas polda jabar tim gabungan polri intens bantu masyarakat bersihkan puing puing bangunan pasca gempa cianjur megiatan lakukan membantu masyarakat membantu program pemerintah menata kab cianjur kabid humas
0.0,data bupati bnpb korban gempa meningal dunia berbeda
0.0,tutup efek gempa cianjur
0.0,mulut lo bau gerung
0.0,pcnu bantul lazisnu bantul melepas tim relawan menyalurkan bantuan juta langsung korban gempa cianjur jumat pcnu bantul tasyarufkan juta korban gempa cianjur
0.0,bin korban gempa cianjur binresponcepatbencanalam
0.0,alat berat ditambah cari korban hilang gempa cianjur
0.0,peduli keluarga karyawan korban gempa cianjur pt pratama abadi industri bantuan
0.0,gerak cepat presiden jokowi kunjungi tenda pengungsi korban gempa cianjur jokowipresidenku pembangunanuntukrakyat presidenjokowihebat jokowimembangunegeri jokowimajubersamaindonesia jokowibapakinfrastruktur
0.0,pemkot bekasi salurkan bantuan dana rp miliar korban bencana gempa cianjur
0.0,korban gempa cianjur ditemukan pemkab alat berat tuntaskan pencarian
0.0,batas maksimal pencarian korban gempa cianjur tertimbun desember
0.0,pemalang peduli gempa cianjur
0.0,pemkab cirebon bantu gempa cianjur rp miliar
0.0,peduli korban gempa cianjur spn vi bantuan
0.0,presiden jokowi serahkan bantuan perbaikan rumah korban gempa cianjur
0.0,anjing gempa cianjur berguna dr uasu
0.0,relawan ganjar membantu korban gempa cianjur
0.0,bin siapkan nakes siapkan kebutuhan pokok korban gempa cianjur binresponcepatbencanalam binpedulikorbanbencana binturutberdukagempacianjur binpedulisesama gempacianjur gempabumi cianjurberduka
-3.5714285714285716,makan siang dapur balita gempa cianjur teriyaki sapi tumis kacang tempe nasi lunak utk bayi dijadikan nasi tim bubur penyintas gempa bantu masak dapur kegiatan pemberdayan trauma healing
0.0,kemenkumham salurkan bantuan rp korban gempa cianjur
0.0,share donasi utk terdampak gempa cianjur paudqu tarbiyatusibyan desa mangunkerta kecamatan cugenang cianjur tks
0.0,ganjar berusaha membantu gempa cianjur ganjarpranowo ganjarpranowo ganjarkita ganjaruntukindonesia sahabatganjar relawanganjar capres ganjarpranowofor ganjarpilihanrakyat ganjarhebat ganjaramanah ganjarbertangungjawab
0.0,bin yg terbaik utk membantu masyarakat korban gempa cianjurbinresponcepatbencanalambinpedulikorbanbencanabinturutberdukagempacianjurbinhadircepatuntukrakyatbinpedulisesama
0.0,donasi korban gempa cianjurupdatecianjur donasi blibli korbangempa cianjur
0.0,pelepasan tim tagana dinas sosial propinsi jawa bko gempa cianjur prop jawa barat tim orang rencana bertugas november desember november
0.0,presiden jokowi pastikan bantuan rumah rusak gempa cianjur mudah jokowipresidenku pembangunanuntukrakyat presidenjokowihebat jokowimembangunegeri jokowimajubersamaindonesia jokowibapakinfrastruktur
0.0,wabup garut serahkan bantuan gempa cianjur jyp nation barbie graduation
0.0,jokowi percepat pencairan dana perbaikan rumah korban gempa cianjur pandang bulu keren jokowipresidenkupembangunanuntukrakyatpresidenjokowihebatjokowimembangunegerijokowimajubersamaindonesiajokowibapakinfrastruktur
0.0,update gempa cianjur desember aftershock
0.0,news bin dirikan posko bantuan korban gempa cianjurbinresponcepatbencanalambinpedulikorbanbencanabinturutberdukagempacianjurbinhadircepatuntukrakyatbinpedulisesama
0.0,info bin dirikan posko bantuan korban gempa cianjurbinresponcepatbencanalambinpedulikorbanbencanabinturutberdukagempacianjurbinhadircepatuntukrakyatbinpedulisesama
0.0,bin dirikan posko bantuan korban gempa cianjurbinresponcepatbencanalambinpedulikorbanbencanabinturutberdukagempacianjurbinhadircepatuntukrakyatbinpedulisesama
0.0,bin bantu penyintas gempa cianjur lewati sulitbinresponcepatbencanalambinpedulikorbanbencanabinturutberdukagempacianjurbinhadircepatuntukrakyatbinpedulisesama
-11.11111111111111,bin laksanakan kegiatan trauma healing anak korban gempa cianjurbinresponcepatbencanalambinpedulikorbanbencanabinturutberdukagempacianjurbinhadircepatuntukrakyatbinpedulisesama
-10.0,trauma healing upaya penyembuhan mental anak anak korban gempa cianjurbinresponcepatbencanalambinpedulikorbanbencanabinturutberdukagempacianjurbinhadircepatuntukrakyatbinpedulisesama
0.0,bin membantu korban gempa cianjurbinresponcepatbencanalambinpedulikorbanbencanabinturutberdukagempacianjurbinhadircepatuntukrakyatbinpedulisesama
0.0,perjuangan bin membantu korban gempa cianjurbinresponcepatbencanalambinpedulikorbanbencanabinturutberdukagempacianjurbinhadircepatuntukrakyatbinpedulisesama
0.0,apresiasi bin terdepan membantu korban gempa cianjurbinresponcepatbencanalambinpedulikorbanbencanabinturutberdukagempacianjurbinhadircepatuntukrakyatbinpedulisesama
0.0,buktikan kepedulianmu rekening laznas al irsyad sedekah bank syariah indonesia bank mega syariah posko laznas al irsyad peduli gempa cianjur prayforcianjur
-5.882352941176471,tes bacan ayat ayat pendek hadiah uang kadisos kabag kerjasama trauma healing anak anak korban gempa cianjur
0.0,bin bantu penangulangan gempa cianjur binresponcepatbencanalambinpedulikorbanbencanabinturutberdukagempacianjurbinhadircepatuntukrakyatbinpedulisesama
0.0,bin bantu korban gempa cianjur plosok binresponcepatbencanalambinpedulikorbanbencanabinturutberdukagempacianjurbinhadircepatuntukrakyatbinpedulisesama
0.0,gerak cepat bin lokasi gempa cianjurbinresponcepatbencanalambinpedulikorbanbencanabinturutberdukagempacianjurbinhadircepatuntukrakyatbinpedulisesama
0.0,penyaluran bantuan korban bencana gempa cianjur bencana gempa peduli cianjur jawabarat
-16.666666666666668,trauma healing dgn korban gempa cianjur
0.0,bin tulus bantuan korban gempa cianjurbinresponcepatbencanalambinpedulikorbanbencanabinturutberdukagempacianjurbinhadircepatuntukrakyatbinpedulisesama
0.0,bin kerahkan bantuan korban gempa cianjurbinresponcepatbencanalambinpedulikorbanbencanabinturutberdukagempacianjurbinhadircepatuntukrakyatbinpedulisesama
0.0,bin lakukan terbaik korban gempa cianjurbinresponcepatbencanalambinpedulikorbanbencanabinturutberdukagempacianjurbinhadircepatuntukrakyatbinpedulisesama
0.0,bin daerah jabar bantu korban gempa cianjurbinresponcepatbencanalambinpedulikorbanbencanabinturutberdukagempacianjurbinhadircepatuntukrakyatbinpedulisesama
10.0,pa program recovery pasca gempa cianjur tenda huntara pa k
0.0,pemeriksan rutin korban gempa cianjurbinresponcepatbencanalambinpedulikorbanbencanabinturutberdukagempacianjurbinhadircepatuntukrakyatbinpedulisesama
0.0,posko bantuan bin bantu korban gempa cianjurbinresponcepatbencanalambinpedulikorbanbencanabinturutberdukagempacianjurbinhadircepatuntukrakyatbinpedulisesama
0.0,terima kasih discovery centre bantuan perlengkapan mandi masyarakat terdampak gempa cianjur pmi dki jakarta gempacianjurdiscoverycentrepmiselalubantu
0.0,kabupaten gresik kirim ikan bandeng uang korban gempa cianjur
0.0,warga korban gempa cianjur berterima kasih bin binresponcepatbencanalambinpedulikorbanbencanabinturutberdukagempacianjurbinhadircepatuntukrakyatbinpedulisesama
0.0,korban meningal akibat gempa cianjur capai jiwa
0.0,kolaborasi sektor publik swasta membantu penyintas gempa cianjur salah satunya hadirnya yayasan wings peduli posko pengungsian lapangan jagaraksa warungkondang dikelola selengkapnya
0.0,activity report tbm bg turun bencana gempa cianjur asalamualaikum selamat siang salam bg delegasi relawan tbm bg gempa cianjur mengunjungi wilayah terdampak gempa pemeriksan kesehatan pemberian obat obatan penyerahan bantuan logistik
0.0,apresiasi delegasi asalamualaikum selamat siang salam bg tbm bumi gora mengirimkan delegasi relawan turun bencana gempa cianjur dr nurlyta hapsari putri tbm bg amrulah muliawan hamdin tbm bg
5.2631578947368425,universitas agustus jakarta menyediakan mck sanitasi layak warga toilet portable toren air pompa air tenda pengungsian desa benjot cianjur
0.0,adira finance syariah memercayakan baznas menyalurkan infak perusahan
0.0,komunitas vespa grel indonesia sejawat vespa bantu korban gempa cianjur
0.0,bin bantuan terbaik pengungsi gempa cianjurbinresponcepatbencanalambinpedulikorbanbencanabinturutberdukagempacianjurbinhadircepatuntukrakyatbinpedulisesama
0.0,layanan kesehatan bin disambut positif korban gempa cianjur binresponcepatbencanalambinpedulikorbanbencanabinturutberdukagempacianjurbinhadircepatuntukrakyatbinpedulisesama
0.0,bin gerak cepat bantu korban gempa cianjurbinresponcepatbencanalambinpedulikorbanbencanabinturutberdukagempacianjurbinhadircepatuntukrakyatbinpedulisesama
3.8461538461538463,kumpulan berita hoaks pantai pangandaran mengering gempa cianjur kebakaran rumah akibat set top box meledak harimau gunung pegat wonogiri topik hangat cari faktanya newsorhoax pkl kompastvstreaming
0.0,bin pelayanan terbaik pengungsi gempa cianjur binresponcepatbencanalambinpedulikorbanbencanabinturutberdukagempacianjurbinhadircepatuntukrakyatbinpedulisesama
0.0,terimakasih bin respon cepat bin membantu korban gempa cianjur binresponcepatbencanalambinpedulikorbanbencanabinturutberdukagempacianjurbinhadircepatuntukrakyatbinpedulisesama
-11.11111111111111,bin gelar trauma healing anak anak korban gempa cianjurbinresponcepatbencanalambinpedulikorbanbencanabinturutberdukagempacianjurbinhadircepatuntukrakyatbinpedulisesama
0.0,kinerja bin membantu korban gempa cianjur patut diapresiasibinresponcepatbencanalambinpedulikorbanbencanabinturutberdukagempacianjurbinhadircepatuntukrakyatbinpedulisesama
-14.285714285714286,trauma healing digelar bin pengungsi gempa cianjurbinresponcepatbencanalambinpedulikorbanbencanabinturutberdukagempacianjurbinhadircepatuntukrakyatbinpedulisesama
0.0,distribusi bantuan bin bantu masyarakat korban gempa cianjur mantap binresponcepatbencanalambinpedulikorbanbencanabinturutberdukagempacianjurbinpedulisesamagempacianjurgempabumicianjurberduka
0.0,bin melaksanakan kegiatan pelayanan kesehetan korban gempa cianjur dor to dor binresponcepatbencanalam binpedulikorbanbencana binturutberdukagempacianjur binhadircepatuntukrakyat binpedulisesama
0.0,posko bantuan bin disambut ama masyrakat korban gempa cianjur terbaik binresponcepatbencanalambinpedulikorbanbencanabinturutberdukagempacianjurbinpedulisesamagempacianjurgempabumicianjurberduka
0.0,posko bantuan bin sngt bantu korban gempa cianjur terimakasih bin binresponcepatbencanalambinpedulikorbanbencanabinturutberdukagempacianjurbinpedulisesamagempacianjurgempabumicianjurberduka
0.0,layanan dor to dor bin bermanfat korban gempa cianjurbinresponcepatbencanalambinpedulikorbanbencanabinturutberdukagempacianjurbinhadircepatuntukrakyatbinpedulisesama
0.0,terimakasih bin yg sigap cepat bantu korban gempa cianjur mantap binresponcepatbencanalambinpedulikorbanbencanabinturutberdukagempacianjurbinpedulisesamagempacianjurgempabumicianjurberduka
0.0,korban gempa cianjur terbantu layanan kesehatan mi bin binresponcepatbencanalambinpedulikorbanbencanabinturutberdukagempacianjurbinhadircepatuntukrakyatbinpedulisesama
0.0,layanan dor to dor sngat membantu korban bncana gempa cianjurbinresponcepatbencanalambinpedulikorbanbencanabinturutberdukagempacianjurbinhadircepatuntukrakyatbinpedulisesama
0.0,layanan dor to dor bin membantu korban gempa cianjurbinresponcepatbencanalambinpedulikorbanbencanabinturutberdukagempacianjurbinhadircepatuntukrakyatbinpedulisesama
0.0,korban gempa cianjur terbantu layanan kesehatan mi binbinresponcepatbencanalambinpedulikorbanbencanabinturutberdukagempacianjurbinhadircepatuntukrakyatbinpedulisesama
0.0,bin sigap merespon korban gempa cianjur salurkan bantuan kemanusianbinresponcepatbencanalambinpedulikorbanbencanabinturutberdukagempacianjurbinhadircepatuntukrakyatbinpedulisesama
0.0,dor to dor bin bantu korban gempa cianjurbinresponcepatbencanalambinpedulikorbanbencanabinturutberdukagempacianjurbinhadircepatuntukrakyatbinpedulisesama
0.0,pendistribusian madu habib ali alhamid tim relawan hilmi tenda tenda darurat warga korban gempa cianjur barakalahu fik
-12.5,trauma bencana gempa cianjur minimalisir kegiatan posko binbinresponcepatbencanalambinpedulikorbanbencanabinturutberdukagempacianjurbinhadircepatuntukrakyatbinpedulisesama
0.0,bin cepat penyaluran bantuan korban gempa cianjur binresponcepatbencanalam binpedulikorbanbencana binturutberdukagempacianjur binhadircepatuntukrakyat binpedulisesama
0.0,bin pahlawan anak anak korban gempa cianjurbinresponcepatbencanalambinpedulikorbanbencanabinturutberdukagempacianjurbinhadircepatuntukrakyatbinpedulisesama
0.0,belajar penyintas gempa cianjur semangat beribadah tingal pengungsian rutin sholat berjamah sholat masya alah tabarakalah klik
0.0,penyerahan bantian serikat buruh spn kota bogor korban gempa cianjur binresponcepatbencanalam binpedulikorbanbencana binturutberdukagempacianjur binhadircepatuntukrakyat binpedulisesama
-7.142857142857143,apresiasi bin kegiatan menghilangkan trauma anak korban gempa cianjur binresponcepatbencanalam binpedulikorbanbencana binturutberdukagempacianjur binhadircepatuntukrakyat binpedulisesama
-14.285714285714286,bin membantu menghilangkan trauma korban gempa cianjurbinresponcepatbencanalambinpedulikorbanbencanabinturutberdukagempacianjurbinhadircepatuntukrakyatbinpedulisesama
-7.142857142857143,pendidikan trauma healing lakukan bin anak korban gempa cianjur binresponcepatbencanalam binpedulikorbanbencana binturutberdukagempacianjur binhadircepatuntukrakyat binpedulisesama
0.0,bin mengelar pendidikan agama islam anak korban gempa cianjur binresponcepatbencanalam binpedulikorbanbencana binturutberdukagempacianjur binhadircepatuntukrakyat binpedulisesama
0.0,bin perduli kesehatan mental korban gempa cianjurbinresponcepatbencanalambinpedulikorbanbencanabinturutberdukagempacianjurbinhadircepatuntukrakyatbinpedulisesama
0.0,bin cepat tangap bangun posko kemanusian korban gempa cianjur binresponcepatbencanalam binpedulikorbanbencana binturutberdukagempacianjur binhadircepatuntukrakyat binpedulisesama
0.0,upaya bin membantu masyarakat korban gempa cianjurbinresponcepatbencanalambinpedulikorbanbencanabinturutberdukagempacianjurbinhadircepatuntukrakyatbinpedulisesama
0.0,posko bin cianjur pelayanan kesehatan pengungsi gempa cianjurbinresponcepatbencanalambinpedulikorbanbencanabinturutberdukagempacianjurbinhadircepatuntukrakyatbinpedulisesama
0.0,warga korban gempa cianjur berterima kasihbinresponcepatbencanalambinpedulikorbanbencanabinturutberdukagempacianjurbinhadircepatuntukrakyatbinpedulisesama
0.0,posko bantuan bin adakan kegiatan pemeriksan kesehatan korban pengungsi gempa cianjur pray for cianjur binresponcepatbencanalambinpedulikorbanbencanabinturutberdukagempacianjurbinhadircepatuntukrakyatbinpedulisesama
0.0,mantap bin terbaik korban gempa cianjurbinresponcepatbencanalambinpedulikorbanbencanabinturutberdukagempacianjurbinhadircepatuntukrakyatbinpedulisesama
-10.0,bin membantu korban gempa cianjur trauma healing puluhan anak anakbinresponcepatbencanalambinpedulikorbanbencanabinturutberdukagempacianjurbinhadircepatuntukrakyatbinpedulisesama
0.0,bin bantuan korban gempa cianjur dor to dor binresponcepatbencanalambinpedulikorbanbencanabinturutberdukagempacianjurbinhadircepatuntukrakyatbinpedulisesama
0.0,posko bantuan bin menyediakan layanan kesehatan masyarakat terdampak gempa cianjur binresponcepatbencanalambinpedulikorbanbencanabinturutberdukagempacianjurbinhadircepatuntukrakyatbinpedulisesama
-8.333333333333334,bin tim kegiatan trauma healing pengungsi anak balita korban gempa cianjur binresponcepatbencanalambinpedulikorbanbencanabinturutberdukagempacianjurbinhadircepatuntukrakyatbinpedulisesama
0.0,bin aplikasi sibe bantu korban gempa cianjur binresponcepatbencanalambinpedulikorbanbencanabinturutberdukagempacianjurbinhadircepatuntukrakyatbinpedulisesama
-12.5,bin membantu korban gempa cianjur trauma healing binresponcepatbencanalambinpedulikorbanbencanabinturutberdukagempacianjurbinhadircepatuntukrakyatbinpedulisesama
0.0,ratusan pengungsi korban gempa cianjur posko bantuan bin bantuan kemanusian binresponcepatbencanalambinpedulikorbanbencanabinturutberdukagempacianjurbinhadircepatuntukrakyatbinpedulisesama
-7.142857142857143,bin honda verza riders bandung gelar trauma healing anak anak korban gempa cianjur binresponcepatbencanalambinpedulikorbanbencanabinturutberdukagempacianjurbinhadircepatuntukrakyatbinpedulisesama
-5.0,trauma healing gtk kemenag ri pgm indonesia korban gempa cianjur alami guru madrasah cianjur traumahealing gempacianjur pgmindonesia perkumpulangurumadrasahindonesia gurumadrasahebat madrasahebatbermartabat
0.0,korban gempa cianjur bansos miliar kemenkumham rincianya bansos cianjur cianjurberduka bantuansosial kemenkumham
0.0,bin hebat pelayanan kesehatan warga terdampak gempa cianjurbinresponcepatbencanalambinpedulikorbanbencanabinturutberdukagempacianjurbinhadircepatuntukrakyatbinpedulisesama
-4.166666666666667,polri trauma healing anak anak tenda pengungsian pasca gempa cianjurpolri membantu pemulihan trauma treatment trauma healing korban anak anak ditenda pengungsian gempa cianjur kamis
0.0,bin sisir wilayah terpencil bantu masyarakat terdampak gempa cianjurbinresponcepatbencanalambinpedulikorbanbencanabinturutberdukagempacianjurbinhadircepatuntukrakyatbinpedulisesama
0.0,sat brimob polda jabar bersihkan puing puing rumah masyarakat cugenang pasca gempa cianjur
0.0,bin peduli gempa cianjurbinresponcepatbencanalambinpedulikorbanbencanabinturutberdukagempacianjurbinhadircepatuntukrakyatbinpedulisesama
4.761904761904762,mohon ijin share komandan bakti sosial kolaborasi polres purwakarta pt south pacific viscose korban gempa cianjur please like coment share subscribe
0.0,kilogram ikan nila segardibudidayakan membantu memulihkan perekonomian penyintas gempa cianjur pasca bencana
0.0,sahabat pasca gempa cianjur kuatkan ketahanan pangan pembangunan bank protein program mengencarkan budi daya ikan kampung pameungpeuk desa cijedil kecamatan cugenang kabupaten cianjur
0.0,rt membangunegri lahan seluas hektare ha disiapkan pemerintah korban gempa cianjur mbak sipon moana mahfudmulan de
0.0,ikbs serahkan bantuan korban gempa cianjur
0.0,jurnalrdn edisi alhamdulilah jurnal rdn edisi terbit mengangkat program peduli bencana gempa cianjur informasinya link magz pdf jurnalrdn lembagasosial
0.0,lahan seluas hektare ha disiapkan pemerintah korban gempa cianjur mbak sipon moana mahfudmulan demokrasi jihonandroid cinderelanatawinjokowi jokowipresidenku jokowihebat nkrimajubersamajokowi
-6.25,kankemenag cianjur terjunkan penyuluh pendamping lt em gt trauma healing lt em gt korban gempa cianjurselengkapnya
0.0,bnpb korban gempa cianjur terima bantuan rumah tempotekno
0.0,laznas al irsyad salurkan bantuan logistik penyintas gempa cianjurinfo selengkapnya kunjungi website sedekah infak pusat lembagazakat donatur berbagi
0.0,rumah direlokasi desa melewati garis patahan sesar cugenang rawan gempa
0.0,pmi optimalkan layanan home care warga korban gempacianjur jawa barat
0.0,gubernur rohidin hasil pengalangan dana masyarakat bengkulu korban gempa cianjur fokus pembangunan fasilitas sarana publik
0.0,pembangunan rumah instan sederhana sehat korban gempa cianjur jawa barat ditargetkan rampung rumah selesai dibangun
0.0,jalankan instruksi ahy wasekjen jovan salurkan bantuan korban gempa cianjur ahypimpinperubahan
0.0,instruksi ahy kader demokrat turun langsung bantu korban gempa cianjur ahypimpinperubahan
-7.6923076923076925,pt alton yogantara perkasa salurkan bantuan dana csr trauma healing korban gempa cianjur
0.0,pastikan pembersihan puing rumah terdampak gempa cianjur selesai
0.0,kepala bnpb dampingi wapres ri tinjau penanganan gempa cianjur
0.0,bnpb pastikan pembersihan puing rumah dampak gempa cianjur selesai
0.0,musibah gempa cianjur bantuan mengalir deras korban terdampak persedian logistik sisa donasi bantuan pasca gempa sat menipis headline
0.0,jujur keknya real semenjak gempa cianjur
0.0,musibah gempa november jiwa pelayanan kesehatan pmi
0.0,pmi kaltara bangun sembilan huntara korban gempa cianjur
0.0,korban gempa cianjur diungsikan masjid al jabar biar cepat dibantu gub jabar
0.0,surabaya comunity touring sosialayo rek ben koyo remaja milenial sepeda motoran tujuan ngresmekno pondok pengajian nang lokasi korban gempa cianjur vila cisarua nginep tgl januari sing arep melok hubungi cak chandra salam
0.0,penyintas gempa cianjur sambut bahagia bantuan huntara ydsf
0.0,simak kisah relawan gempa cianjur masya alah terharu
0.0,gercep ahy instruksikan kader bantu korban gempa cianjur ahypimpinperubahan
0.0,rumah terdampak gempa cianjur zona patahan cugenang direlokasi lebaran ditempati
0.0,ratusan karang taruna bersihkan puing puing rumah rusak korban gempa cianjur mudah hambatan
0.0,lurah jatirangon forum rw bantuan korban gempa cianjur
0.0,bnpb rumah terdampak gempa cianjur jawa barat direlokasi
0.0,pemerintah kawasan relokasi kecamatan cilaku
0.0,bnpb pastikan pembersihan puing rumah gempa cianjur selesai kurun
0.0,bantuan rp juta hasil donasi pns tenaga kontrak lingkup pemprov sulbar publisherstory sulbarkini
0.0,mensos risma santunan korban gempa cianjur rp miliar
0.0,iphi muslimat nu tangsel serahkan bantuan korban gempa cianjur kotatangsel metrotangerang bantuan iphitangsel muslimatangsel
0.0,donasi gempa cianjur terimakasih politeknik insan husada surakarta donasi gempacianjur terkumpul rp donasi disalurkan langsung masyarakat terdampak gempa cianjur pmisolo pmiselalubantu pmisolobergeraklebih
0.0,bin lakukan bantuan kemanusian korban gempa cianjur
0.0,menhan prabowo subianto mendampingi presiden ri joko widodo mengunjungi pengungsi korban gempa cianjur meninjau rumah sakit sayang cianjur kunjungan rumah sakit sayang penanganan korban gempa pemersatuindonesia kerjasama
0.0,menteri pertahanan republik indonesia prabowo subianto turun langsung meninjau korban bencana gempa cianjur rsud sayang tenda pengungsipemersatuindonesia kerjasama
0.0,wakil presiden tinjau rumah relokasi korban gempa cianjur
0.0,mensos bantuan tenda pengungsi gempa cianjur
0.0,unit risha selesai dibangun desa sirnagalih kecamatan cilaku
0.0,lebaran huntap korban gempa cianjur beres dibangun
0.0,wapres titipkan pesan pemulihan dampak sosial ekonomi warga korban gempa cianjur diselesaikan terkait tingalnya pengungsi rohingya terdampar aceh digerakan elemen kemanusian keagaman
0.0,bnpb pastikan pembersihan puing terdampak gempa cianjur selesai
0.0,tuandanpuan wakil presiden meninjau langsung progres penanganan dampak gempa cianjur rabu bencana wapres ksp
0.0,cianjur dana mustadhafin menyalurkan bantuan anak anak terdampak gempa cianjur mengikuti
0.0,pembuatan hundar salah layanan utama layanan dijalankan muhamadiyah respon tangap darurat gempa cianjur selengkapnya relawan muhamadiyah gempa
0.0,bnpb pembersihan puing gempa cianjur selesai
0.0,wapres cek pembangunan huntap pupr korban gempa cianjur
0.0,bnpb bangun hunian korban gempa cianjur dibangun desa
0.0,puing gempa cianjur bersih bangun rumah lokasi situ
0.0,paket schol kit dikirimkan cianjurkamis lazismu jawa barat mengirimkan paket schol kit anak anak penyintas gempa cianjur paket hygiene kit pengungsi lainya
0.0,hinga seribu rumah dibersihkan
0.0,pemerintah bangun hunian korban gempa cianjur lokasi
0.0,bnpb fokus bersihkan puing puing rumah
0.0,warga korban gempa cianjur jawa barat menerima bantuan pembangunan rumah mengugurkan bantuan pemerintah
0.0,bnpb fokus bersihkan puing bangunan rumah warga terdampak gempa cianjur
0.0,pembersihan puing rumah terdampak gempa cianjur selesai pembersihan selesai warga membangun rumahnya lokasi
0.0,hunian relokasi gempa cianjur ditarget rampung lebaran
0.0,bantuan korban gempa cianjur digulirkan baznas tangsel pembangunan rehab rumah layak huni pemulihan pasca bencana gempa rehab rumah prioritas team btb kota tangsel meringankan beban korban
0.0,bangun bank protein dompet dhuafa bantu kuatkan ketahanan pangan pasca gempa cianjur selengkapnya gt gt
0.0,pasang tenda kampung suka ratu buni kasih warung kondang cianjur berita gempa cianjur menghilang warga rumahnya hancur total yg butuh bernaung
0.0,mentri sosial tri rismaharini mengapresiasi membantu memulihkan korban gempa cianjur
0.0,bnpb pastikan pembersihan puing rumah terdampak gempa cianjur selesai
0.0,bnpb warga korban gempa cianjur terima bantuan rumah
0.0,pancasilais banget nih korban gempa cianjur dilarang terima bantuan rumah
0.0,bnpb korban gempa cianjur terima bantuan rumah
0.0,kementerian pekerjan perumahan rakyat pupr direktorat jenderal ditjen perumahan menargetkan hunian huntap relokasi masyarakat terdampak gempa cianjur rampung idul fitri
0.0,bnpb warga korban gempa cianjur jawa barat menerima bantuan pembangunan rumah kalangan organisasi kemanusian kecuali hunian mengugurkan bantuan pemerintahmedcomid
0.0,presiden ma ruf amin meninjau progres penanganan dampak gempa cianjur kunjungan ma ruf didampingi menteri sosial kepala bmkg santunan ahli waris simbolis keluarga total rp miliar
0.0,hunian korban gempa cianjur ditargetkan rampung lebaran idulfitri
0.0,mensos imbau ahli waris korban gempa cianjur berhemat manfatkan santunan
0.0,mantap
0.0,anak belajar sat bermain terdampak gempabumi cianjur
0.0,asar humanity penguin mengirimkan bantuan unit toren bantualirkanair korban gempa cianjur titik pengungsian semoga kepedulian menguatkan korban gempa pulih penguinpeduli gempacianjur
0.0,bnpb pastikan pembersihan puing akibat gempa cianjur selesai
0.0,hunian relokasi warga terdampak gempa cianjur ditargetkan rampung idulfitri
0.0,envi pres hasil hmtl open donasi gempa cianjur donasi terkumpul rp donasi disalurkan perhimpunan pelajar mahasiswa cianjur sugih mukti yogyakarta
0.0,update gempa cianjur kekuatan netizen geger keheranan
0.0,korban gempa cianjur terima bantuan rumah
0.0,gubernur serahkan bantuan rp miliar korban gempa cianjur bengkulutodaydotcom bengkulutoday beritabengkulu indonesia bengkulu mediaonline mediasiber gempacianjur
0.0,kpu tekankan integritas pk kepahiang dilantik bengkulutodaydotcom bengkulutoday beritabengkulu indonesia bengkulu mediaonline mediasiber
0.0,wapres tinjau progres penanganan pasca gempa cianjurikndorongpemeratan
0.0,sat target pembangunan tahap melebihi target sisanya pembangunan tahap optimis selesai sesuai target mingu ketiga januari direktur jenderal perumahan iwan suprijanto
0.0,efek gempa cianjur pergerakan lempeng kerak bumi berhenti mencapai keseimbangan hening
0.0,disiapkan lahan hektare relokasi korban gempa cianjur beritajogja jogja jogjaistimewa
0.0,mensos risma korban gempa cianjur berhemat lengkapcepatberitanya beritaterkini berita news beritanasional
0.0,tinjau progres penanganan pasca gempa cianjurikndorongpemeratan
0.0,wakil presiden wapres ma ruf amin meninjau langsung progres penanganan dampak gempa cianjur rabu ikndorongpemeratan
0.0,wapres ma ruf amin meninjau progres penanganan pasca gempa cianjur santunan ahli waris ahli waris korban meningal duniaikndorongpemeratan
0.0,wapres ma ruf amin tinjau progres penanganan pasca gempa cianjurikndorongpemeratan
0.0,wapres ri kyai ma ruf amintinjau progres penanganan pasca gempa cianjurikndorongpemeratan
0.0,korban gempa cianjur terima rp juta bangun hunian darurat
0.0,korban gempa cianjur wapres ma ruf bantuan
0.0,korban gempa cianjur dilarang terima bantuan rumah berita terkini yogyakarta
0.0,rekor mute akun tuh kayaknya musibah gempa cianjur
0.0,bantuan rekonstruksi pesantren terdampak diserahkan wapres ketua baznas
0.0,langsung dibilang anti masjid hadeh noh liat cianjur noh yg skrg bangun masjid daerah bencana kemarin pemerintah kamana sugantehpinter berita aja uang donasi bapenda urunan pegawai asn
0.0,rumah bangkit mandiri bangun rumah cianjurmari laznas al irsyad membangun rumah korban gempa cianjur biaya jt unit sahabat menunaikan zakat sedekah rp konfirmasi
0.0,wares ma ruf amin tinjau progres penanganan pasca gempa cianjurikndorongpemeratan
0.0,gw warga jabar baiknya kepala daerah dana untk penangulangan bencana porsi apbd sehinga sat kejadian gak istilah gagap bencana cth gempa cianjur masuk akal inget heboh climate change
0.0,salah positif lihat rasakan gempa cianjur terungkapnya kebobrokan penanganan penangulangan pemerintah kabupaten cianjur
0.0,korupsi bansos kader pdipkorupsi gempa cianjur kader pdipbaznas kader pdiperasan doyan bener menyelewengkan dana bantuan
0.0,video dinarasikan korupsi bansos korban gempa cianjur
0.0,pesantren terdampak gempa cianjur bantuan rekonstruksi baznas
0.0,pengungsi gempa cianjur curhat wapres
0.0,wapres serahkan bantuan pesanten terdampak gempa cianjur
0.0,biar main sinetron tp menjalankan kewajibanya sbg pemimpin beliau bgt turun lokasi gempa cianjur kecelakan bekasi msh byk lg msh dr pemimpin
0.0,bnpb warga korban gempa cianjur terima bantuan rumah kecuali hunian
0.0,pemerintah siapkan lahan ha relokasi korban gempa cianjur
0.0,kang rk mg sgt pandai berkelit pdhl msh gubernur jabar msh byk yg urus korban gempa cianjur depok maja
0.0,gempa cianjur kemarin krn aktivitas krakatau kah
0.0,dah unpolo bantuan gempa cianjur gak respek blas
0.0,kostrad bantu rehabilitasi rekontruksi korban gempa cianjur
3.225806451612903,ngamatin diliatin orang yg wudu bocil dagang yg plng malu tuh kating beda fakultas yg lg nyari sumbangan gempa cianjur kalo dinget inget lg such fun memories ni klmpok ngamatin masjid
0.0,trending update gempa cianjur korban meningal jiwa orang hilang
0.0,bantuan korban gempa malang jatim yg pd april aja infonya barusan aja geser malang tp blm tersalurkan korban korban gempa cianjur semoga aja realisasi saudara yg korban terbantukan
0.0,sony salurkan bantuan dolar as korban gempa cianjur
0.0,infososialdampingi wapres mensos saksikan penyaluran santunan korban gempa cianjurselengkapnya
0.0,penyusunan rp gempa cianjur terkendala dokumen jitupasna
0.0,pasca gempa cianjur kementerian pupr percepat pembangunan rumah warga gempacianjur
0.0,kemenag jabar kayaknya menolong korban gempa cianjur
0.0,kostrad bantu rehabilitasi rekonstruksi korban gempa cianjur
0.0,kepala bnpb pembangunan rumah korban gempa cianjur bertahap
0.0,kemenag jabar bantuan kpda korban gempa cianjur salut bgt
0.0,pt sony salurkan rp juta bantu gempa cianjur
0.0,korban gempa cianjur sgt terbantu kepedulian bantuan kemenag jabar
0.0,kepedulian yg patut dibangakan patut contoh yg bantuan kemenag jabar sgt warga korban gempa cianjur
0.0,senang terharu saudara korban gempa cianjur bantuan kemenag jabar
0.0,wujud nyata kepedulian kemenag jabar asn kemenag ri dgn bantuan yg bermanfat korban gempa cianjur
0.0,salut kemenag jabar udh manfat bnyk utk korban gempa cianjur
0.0,kementerian pupr pembangunan unit rumah relokasi warga korban gempa cianjur tuntas januari
0.0,aksi relawan mandiri himpunan alumni ipb university bangun mushola warga korban bencana gempa cianjur
0.0,alumni ipb university peduli bencana serahkan bantuan unit rhs korban gempa cianjur
0.0,bantuan donasi asn kemenag jabar acara amal bermanfat korban gempa cianjur semoga lindungan alah
0.0,bengkulu korban gempa cianjur fokus pembangunan fasilitas sarana publik
0.0,alhamdulilah terbantu banget korban gempa cianjur bantuan kemenag jabar terimakasih
0.0,mengalami gempa cianjur kemarin orang yg panik khawatir disana semoga sehat aman saudara disana
0.0,bantuan kemenag jabar semoga korban terdampak gempa cianjur bangkit beraktivitas
0.0,alhamdulilah semoga bantuan kemenag jabar meringankan pinyintas gempa cianjur bermanfat berkah
0.0,bantuan kemenag jabar semoga membantu penyintas gempa cianjur
0.0,mantap bentuk tangung kemenag jabar membantu korban gempa cianjur
0.0,wapres bantuan logistik korban gempa cianjur news mediainformasi kamidi opsiminfo
0.0,kemenag jabar solusi banget korban gempa cianjur semoga cianjur pulih
0.0,bantuan bnpb korban gempa cianjur terancam gugur warga terima bantuan
0.0,kinerja kemenag jabar patut diapresiasi banget kepedulian tingi korban gempa cianjur kesulitan teratasi
0.0,arm ha ipb university wmi serahkan unit rumah huni korban gempa cianjur
0.0,donasi korban gempa cianjur kepedulian asn korban diserahkan kemenag jabar dimanfatkan masyarakat
0.0,korban gempa cianjur terbantu kepedulian kemenag jabar
0.0,dp serahkan hunian logistik korban gempa cianjur hunian simbolis korban gempa cianjur rumahnya dihuni tanah disaksikan ketua dpw
0.0,pangil mak cucum beliau salah penyintas gempa cianjur pengungsian musibah nama disamarkan melindungi identitas penerima manfat
0.0,salut kemenag jabar udh manfat korban gempa cianjur
0.0,pemberian bantuan rumah rusak korban gempa cianjur memasuki tahap ketiga januari sisanya menyusul februari kunjungan wapres amin penanganan warga relokasi rumah berjalan polhuk adadikompas
0.0,rumah relokasi korban gempa cianjur rampung idul fitri
0.0,pemerintah kebut rekonstruksi rumah korban gempa cianjur tni polri bnpb rumah
0.0,semoga berkah yah yg kemenag jabar warga korban gempa cianjur terimakasih bantuanya
0.0,pemberian bantuan rumah rusak korban gempa cianjur memasuki tahap ketiga januari sisanya menyusul februari kunjungan wapres amin penanganan warga relokasi rumah berjalan adadikompas
0.0,salut kemenag jabar bantuan yg korban gempa cianjur terimakasih
12.5,thank you kemenag jabar bantu korban gempa cianjur
0.0,huntap relokasi warga terdampak gempa cianjur ditarget rampung idul fitri
0.0,kemenag jabar menyalurkan bantuan guru madrasah terdampak gempa cianjur gempa cianjur keprihatinan mendalam peristiwa indonesia wilayah ring of fire
0.0,ma ruf menyalurkan santunan simbolis enam ahli waris perwakilan keluarga korban meningal total santunan rp miliar kumparanews
0.0,apresiasi banget gerak cepat kemenag jabar membantu korban gempa cianjur
0.0,kemenag jabar keren mempresentasikan kepedulian turun membantu korban gempa cianjur
0.0,kemenag jabar menyalurkan bantuan guru madrasah terdampak gempa cianjur
0.0,gempa cianjur risma kemensos mengerahkan personel ditambah relawan tagana orang relawan tagana berasal daerah indonesia
0.0,kemenag jabar sigap bnget bantu korban gempa cianjur
0.0,aksi kemanusian hwk ditengah bencana gempa cianjur
0.0,kepala bidang kedaruratan logistik badan penangulangan bencana daerah bpbd cianjur asep sudrajat sat stok logistik menutupi kebutuhan warga korban gempa
0.0,kemenag jabar meringankan beban korban gempa cianjur alhamdulilah
0.0,kemenag jabar bantuan korban gempa cianjur semoga meringankan beban
0.0,terima kasih kemenag jabar yg peduli korban gempa cianjur
0.0,terkesan yg kemenag jabar yg membantu korban gempa cianjur
0.0,terima kasih kepedulian solidaritas kemenag jabar dlm membantu korban gempa cianjur
0.0,bersyukur krn kemenag jabar korban gempa cianjur dpt bantuan
0.0,wujud kepedulian nyata kemenag jabar semoga bermanfat semoga ketabahan korban gempa cianjur
0.0,nasionalkiai ma ruf serahkan bantuan pesantren terdampak gempa cianjur khasanahpetang
0.0,semoga bantuan keyword kemenag jabar membantu korban gempa cianjur
0.0,kemenag jabar patut contoh semoga bantuan bermanfat korban gempa cianjur
0.0,terima kasih kemenag jabar membantu korban gempa cianjur
0.0,patut diapresiasi yg kemenag jabar membantu korban gempa cianjur
0.0,sinergitas mui baznas dmi kota tangerang bangun masjid terdampak gempa cianjur
0.0,wapres ma ruf amin yinjau penanganan pasca gempa cianjur cianjur wapres penanganan gempa pasca penyaluranbantuan
0.0,kemenag jabar peduli korban gempa cianjur
0.0,ditinjau wapres ma ruf amin rumah tahan gempa cianjur tuntas lebaran
0.0,kisah menarik sosok prabowo subianto mengunjungi lokasi terdampak gempa cianjur erupsi gunung semeru menteri pertahanan ri pimpinan partai politik prabowopemersatu kerjasama
0.0,kisah prabowo gempa cianjur erupsi gunung merapi prabowopemersatu kerjasama
0.0,hinga pmi kota depok mengerahkan relawanya membantu penyintas gempa cianjur membutuhkan bantuan penyintas gempa cianjur dilupakan pmi kota depok kirim relawan bantuancianjur
0.0,alhamdulilah wakil presiden ri prof dr kh ma ruf amin baznas menyerahkan bantuan rekonstruksi pondok pesantren ponpes terdampak gempa cianjur baznas zakat gempa gempacianjur
0.0,kisah prabowo gempa cianjur erupsi gunung merapi akm kompasianers prabowopemersatu kerjasama
0.0,perjuangan tim relawan menyalurkan bantuan pasangan lansia korban gempa cianjur selasa januari cianjur pulih cianjur bangkit
0.0,konteks bencana reportase mengedepankan jurnalisme empati ditemui berita
0.0,peristiwa bancana alam gempa cianjur erupsi gunung semeru pandemi covid dl hinga peristiwa keberhasilan pemerintah menyelengarakan perhelatan dunia prabowopemersatu kerjasama
0.0,bangun rumah terdampak gempa cianjurumah hancur dimanfatkan insyalah
0.0,wapres ri kunjungi korban gempa cianjur bantuan rekontruksi pondok pesantren
-16.666666666666668,ip sore gempa cianjur indah sorenya
0.0,wapres ma ruf amin terima keluhan korban gempa cianjur bantuan
0.0,cianjur polri bantuan sembako korban bencana gempa cianjur pengungsian rabu bhabinkamtibmas
0.0,wapres serahkan bantuan senilai rp miliar keluarga korban gempa cianjur
0.0,yayasan salurkan bantuan cianjur
-10.0,kemenag fokuskan bantuan pemulihan trauma anak anak korban gempa cianjurselengkapnya
0.0,tinjau penanganan dampak gempa cianjur wapres tegaskan pembangunan hunian dituntaskan coverbothside
0.0,bangunan strukturnya rusak tahan gempa dibangun
0.0,wapres ma ruf amin kunjungi korban gempa cianjur
0.0,wapres ma ruf serahkan bantuan pesantren terdampak gempa cianjur
0.0,wapres serahkan bantuan rp miliar korban gempa cianjur
0.0,gotong royong membantu korban gempa cianjur
0.0,wapres ma ruf amin terima keluhan korban gempa cianjur bantuan kondisi presiden ente kebanyakan janji kyai
0.0,semoga bantuanya bermanfat korban gempa cianjur
0.0,terimakasih kemenag ri membantu korban gempa cianjur
0.0,wapres ma ruf amin terima keluhan korban gempa cianjur bantuan kondisi
0.0,sony berbagi tali asih dolar as pemulihan korban gempabumi cianjur jawabarat cianjur
0.0,kemenag jabar terimakasih asn kemenag indonesia bantuan korban gempa cianjur disalurkan yg berhak semoga bantuan bermanfat membantu masyarakat yg terdampak gempa cianjur
0.0,penghulu penyuluh agama islam mendampingi penyintas gempa cianjur pendampingan trauma healing penghulu penyuluh optimal pendampingan penyintas gempa cianjur kemenag jabar
0.0,akibat gempa cianjur bangunan rusak kantor kemenag kakanwil cianjur tim arsiparis ditjen bima islam kemenag ri tim penyelamatan dokumen dokumen akta dokumen kedinasan lainya kemenag jabar
0.0,memperingati amal bhakti kemenag ri bantuan disalurkan korban gempa cianjur amanah diterima langsung kakanwil jabar semoga bermanfat korban kemenag jabar
0.0,kemenag jabar peduli korban gempa cianjur bentuk nyata kepedulian selurub asn kemenag ri yg membantu meringankan beban korban bencana gempa cianjur kemenag ri bantuan yg bermanfat korban kakanwil jabar
0.0,wakil presiden ma ruf amin menerima keluhan pengungsi terdampak bencana gempa bumi desa cijedil kecamatan cugenang kabupaten cianjur jawa barat
0.0,korban gempa cianjur wapres ma ruf bantuan gempacianjur
0.0,ma ruf amin menyerahkan santunan ahli waris korban meningal dunia gempa cianjur
-3.4482758620689653,kinerja kepolisian membantu korban gempa cianjurmayoritas percaya percaya kepolisian membantu evakuasi warga korban bencana dapur mengirim bantuan hinga daerah terpencil membantu memulihkan trauma warga korban bencana gempa bumi tersbeut
0.0,subhanalah apresiasi pink pejuang kemanusianuntuk rakyat korban gempa cianjur
0.0,bantuan pemerintah rakyat kaltim bentuk kebersaman
0.0,gempa cianjurhampir warga nasional bencana gempa bumi cianjur jawa barat warga positif menilai kinerja kepolisian membantu korban bencana tni positif
0.0,sis hasil kerja kebijakan lapangan sepakat prabowo konsisten nyata hasilnya indonesia maju
0.0,gerak cepat presiden jokowi kunjungi tenda pengungsi korban gempa cianjur jokowipresidenkupembangunanuntukrakyatpresidenjokowihebatjokowimembangunegerijokowimajubersamaindonesiajokowibapakinfrastruktur
0.0,bantuan wapres ma ruf amin diharapkan mendorong pemulihan pesantren
0.0,korban gempa cianjur dana bantuan renovasi rumah cair
0.0,gempa cianjur bmkg catat gempa susulan wargawaspada bencana lanjutan longsor banjir bandang
0.0,dikunjungi wapres ma ruf amin ahli waris gempa cianjur bantuan pemerintah
0.0,pemkab cianjur siapkan dana rp miliar dibagikan keluarga terdampak gempa cianjur
0.0,asalamualaikum yai penilaian masyarakat cianjur penangukangan dampak gempa cianjur sang harapan masyarakat intruksi persiden
0.0,wakil presiden maruf amin meninjau rumah hunian rumah instan sederhana sehat type rumah rusak korban gempa cianjur jawa barat desa sirnagalih kecamatan cilaku kab cianjur srberitaelshinta
0.0,terima kasih ucapkan relawan bumn holding farmasi dedikasi pengorbananya korban terdampak gempa cianjur doa harapan mengalir seiring semangat cianjur pulih kimiafarmapedulicianjurholdingbumnfarmasi
0.0,ribu k korban gempa cianjur bantuan rp juta tenda darurat kebagian gempacianjur korbangempacianjur sonar sonorabandung
0.0,gempa cianjur menyebabkan orang meningal dunia hilang
0.0,wapres pagi meninjau langsung progres penanganan dampak gempa cianjur rabu januari ma ruf wury ma ruf berangkat rumah dinas pesantren al bahjah cianjur jalur darat wibmedcomid
0.0,kcic diputuskan olh lbp memicu kontroversi dipaksakan route kcic melewati wilayh gempa sesar jabar gempa yg potensial mengakibatkan tragedi kcic sdh mngantisipasi timbulnya gempa gempa cianjur kmren mporak poranda wilayah
0.0,akun problematik red flag gempa cianjur post menormalkan tsb masyarakatnya azab folowernya yg ngritik dianya nantangin kalo peduli sok donasi jgn ngritik aja udah dihapus postnya
0.0,pengungsi gempa cianjur mengeluh kesulitan peroleh kebutuhan
0.0,kondisi rabu siang lokasi rumah terdampak gempa cianjur kampung gunung lanjung rw desa cijedil cugenang cianjur jawa barat srberitaelshinta
0.0,wapres ma ruf amin kunjungan kerja cianjur ma ruf serahkan bantuan hinga cek lokasi relokasi korban gempa cianjur
0.0,cianjurbangkityamusaberbagisesama tgl yamusa peduli pangan beras korban terdampak gempa cianjur posko gempa kp kramat rt kab cianjur yuk bantu warga cianjur pulih
0.0,telkom bantuan masyarakat cianjur mangoesky star solusi komunikasi daruratdaerah terisolasi gempa cianjur
0.0,yamusa berbagi tebar pangan ponpes korban gempa cianjur jawa barat gt gt yamusa peduli pangan santri korban gempa cianjur ponpes riyadul fikih kp babakan batukurung kec cinangsi kab cianjur klik bantu
0.0,kondisi terkini rabu pagi pondok pesantren al bahjah cianjur jawa barat salah titik lokasi korban gempa cianjur tangal november srberitaelshinta
0.0,respon cepat presiden jokowi mitigasi gempa cianjur jokowipresidenku pembangunanuntukrakyat presidenjokowihebat
0.0,kisah banser terdampak gempa cianjur rumah pribadi runtuh hinga istri melahirkan tenda sumber
0.0,alhamdulilah menerima titipan amanah dermawan utk logistik keperluan pengungsi gempa cianjur amanah om terimakasih
0.0,wawako buka kegiatan bundo kandung peduli gempa cianjur
0.0,kementerian bumn berkolaborasi bumn membantu korban bencana gempa cianjur jawa barat satgasbencanabumn
0.0,kostrad bantu korban gempa cianjur rehabilitasi rekontruksi rumah
0.0,sebulan gempa cianjur meningal dunia warga hilang
0.0,bundo kanduang puti bungsu kota solok masak rendang korban gempa cianjur
0.0,kampung terdampak gempa cianjur direlokasi gempacianjur cianjur
0.0,bank mandiri salurkan dana bantuan nasabah korban gempa cianjur
0.0,presentasi tsunami aceh gempa cianjur peran bmkg teknologi preventive kerusakan paraheh kazakhtan celetuk penyebabnya maksiat marah semarah marahnya alah nyesel ingetnya
0.0,janji yg rp juta kpd korban gempa cianjur
0.0,souvenir piala dunia ronaldo cabut mu gempa cianjur pramborsnews
0.0,psd bantuan langsung korban gempa cianjur bantuan langsung psd masyarakat pengungsiankerjasama prabowosayangrakyat prabowo
0.0,bantuan paket korban gempa cianjurkerjasama prabowosayangrakyat prabowo
0.0,kemaren hs cisarua tunangku gempa cianjur
0.0,prabowo subianto mengunjungi korban gempa cianjur pos dapur lapangan kopasus tni ad rabu prabowosayangrakyat kerjasa
0.0,prabowo perintahkan kader gerindra bantuan korban gempa cianjurprabowosayangrakyat kerjasama
0.0,prabowo mengunjungi pengungsi korban gempa cianjur meninjau rumah sakit sayang cianjur prabowosayangrakyat kerjasama
0.0,menteri pertahanan republik indonesia prabowo subianto turun langsung meninjau korban bencana gempa cianjur rsud sayang tenda pengungsi kamis prabowosayangrakyat kerjasama
0.0,moment haru jenderal prabowo cium sayang anak balita korban gempa cianjurprabowosayangrakyat kerjasama
0.0,menhan prabowo bantuan paket korban gempa cianjurprabowosayangrakyat kerjasama
0.0,pergi sekolah pulang sekolah ngelewatin longsor gempa cianjur bikin gila
0.0,gapki kementan kolaborasi bantu korban gempa cianjurgabungan pengusaha kelapa sawit indonesia gapki bekerjasama kementerian pertanian kementan baca selengkapnya
0.0,pembangunan hunian penyintas gempa cianjur uang rp juta kepala keluarga simak selengkapnya
0.0,janji tunaikan bangun korban gempa cianjur kader partai bokep mulu
0.0,pasca terdampak gempa cianjur kostrad kenal lelah bantu warga
0.0,bmh membangun masjid darurat ash shofa penyintas gempa cianjur
0.0,today progres pembuatan huntara utk penyintas gempa cianjur slide yg nyumput dirumput
0.0,oiya penyaluran lanjutan penyaluran udah fase bantuan darurat gempa cianjur guys penyaluran temen temen penyintas udah bantuan posko darurat dapur bantuan medis kebutuhan logistik bayi balita
0.0,kordinasi tim dusun rawacina desa nagrak kec cianjur bertemu warga rangka pengembangan lokasi pendampingan pasca gempa cianjur
0.0,sekolah darurat bantuan fase pemulihan sekolah diwujudkan patungan korban terdampak gempa cianjur november
0.0,membuka postingan manis manis semanis senyum adek adek penyintas gempa cianjur udah sekolah nih
0.0,ijin kalo data penerima bantuan yg rumah hancur gempa cianjur dimana terimakasih
0.0,sat gempa cianjur kader gerindra hadir perintah prabowo utk bantu yg kesulitan prabowosayangrakyat kerjasama
0.0,bupati cianjur herman suherman mengaku ikuti prosedur pemeriksan kpk dugan korupsi bantuan korban gempa cianjur
0.0,ybm pln bantu terangi masjid lokasi terdampak gempa cianjur pln gempabumicianjur
0.0,wakil ketua yayasan mai abung sewaka jajaran svp bank mandiri melepas gelombang donasi paket bantuan penukaran livin poin nasabah terkumpul diantarkan disalurkan korban gempa cianjur
0.0,bantuan nasabah livin poin bentuk paket sembako kebutuhan pokok lainya yayasan mai mengambil peran mengatur pengadan pengantaran hinga penyaluran korban bencana gempa cianjur
0.0,hasil donasi paket bantuan terkumpul penukaran livin poin nasabah disalurkan korban gempa cianjur yayasan mai
0.0,gerakan nasabah bantuan menukaran livin poin donasi paket bantuan korban bencana gempa cianjur
-8.333333333333334,halah panca yo gur kakean cocot posting hoax sat gempa cianjur kemaren
0.0,gempa cianjur gempa dangkal menimbulkan kerusakan gempa dangkal cianjur destruktif
0.0,dukung perilakunya gini merusak tenda org merugikan korban bencana
0.0,bank mandiri berkolaborasi yayasan mandiri amal insani mai menyalurkan bantuan nasabah yg berpartisipasi dlm gerakan tangap bencana utk korban gempa cianjur
0.0,asabri bulog pos indonesia salurkan bantuan pokok warga gempa cianjur
0.0,udh sy relawan gempa cianjur jujur ga liat yg kek gituan bang gausah ratakan
0.0,logistik bantuan gempa cianjur gempa susulan temponasional
0.0,seniman bpbd pringsewu longok dampak gempa cianjur
0.0,nonton bareng risalah ratu peduli generasi pemimpin umat sambutan luas masyarakat terkecuali penyintas gempa cianjur generasimudapimpinperubahan selamatkangenerasidenganislam
0.0,logistik korban gempa cianjur hany
0.0,pengungsi gempa cianjur keluhkan logistik bpbd klaim stok bpbdkabupatencianjur gempacianjur korbangempacianjur logistik
0.0,kali ngalamin kejadian sblm gempa cianjur sbnrnya rencana pergi rmh sdra yg cipanas tp gajadi krn tb ayah urusan besoknya dpt kabar klo cianjur gempa cipanas jg kena krn emg dkt
0.0,bantuan logistik korban gempa cianjur didistribusikan dinas penghubung desa
0.0,stok logistik menipis pengungsi gempa cianjur terserang penyakit lengkapcepatberitanya beritaterkini
0.0,gue takut kalo gempa gue langsung lari rumah gempa cianjur gue gak gerak memilih diam hati wih kora sepasrah gue jalanin hidup
0.0,stok logistik bantuan korban gempa cianjur menipis
0.0,nonton bareng risalah ratu peduli generasi pemimpin umat lmendapat sambutan luas masyarakat tdk terkecuali penyintas gempa cianjur sumber lokasi bersemangat
0.0,nonton bareng risalah ratu peduli generasi pemimpin umat sambutan luas masyarakat terkecuali penyintas gempa cianjur ratupahamislamkafah generasimudapimpinperubahan selamatkangenerasidenganislam
0.0,dahsyatnya gempa cianjur kerugian materi lewati rp triliun
0.0,stok logistik bantuan korban gempa cianjur menipis temponasional
0.0,mencegah korupsi bantuan keuangan gempa cianjur detiknews rac
0.0,bantuan sivitas diharapkan meringankan beban korban gempa cianjur
0.0,bmkg mencatat gempa bumi wilayah jawa barat bersifat merusak
0.0,pemberian bantuan upaya meringankan beban korban terdampak gempa cianjur
0.0,bantuan sivitas kemkominfo berguna korban gempa cianjur
0.0,kpk lakukan kordinasi cegah korupsi gempa cianjur
0.0,moment haru jenderal prabowo cium sayang anak balita korban gempa cianjur prabowosayangrakyat kerjasama
0.0,gempa cianjur satunya merusak jawa barat msn
0.0,gempa cianjur satunya merusak jawa barat tekno tempo
0.0,prabowo sat mengunjungi korban gempa cianjur beliau prabowosayangrakyat kerjasama
0.0,info tim arm merespon gempa cianjur tim sapa baraya respon cianjur
0.0,semoga alah swt merahmati kemudahan ketabahan korban gempa cianjur jawa barat berdoa prabowosayangrakyat kerjasama
0.0,bkprmi peduli yayasan prabowo subianto bantuan guru mengaji korban gempa cianjur prabowosayangrakyat kerjasama
0.0,rekind kedepankan peran tjsl bantuan korban gempa cianjur
0.0,nonton bareng risalah ratu peduli generasi pemimpin umat sambutan luas masyarakat terkecuali penyintas gempa cianjur kabar lensadaerah
0.0,kpk hinga proses verifikasi aduan masyarakat dugan penyelewengan penyaluran bantuan gempa cianjur
0.0,tau mas tutup gempa cianjur kemarin
0.0,menteri pertahanan menhan ri prabowo subianto mengunjungi korban gempa cianjur pos dapur lapangan kopasus tni ad rabu prabowosayangrakyat prabowo
0.0,momen prabowo kecup anak terdampak gempa cianjurprabowosayangrakyat kerjasama
0.0,komisi pemberantasan korupsi kpk kordinasi penanganan bantuan gempa cianjur laporan tujuanya tindakan koruptif sat pertolongan korban disalurkanmedcomid
0.0,up fakultas hukum universitas jayabaya gelar kegiatan peduli gempa cianjur
0.0,kebaikan latar agama indonesia hidup berdampingan perbedan keyakinan suster katolik masuk wilayah gempa cianjur kemarin dituding upaya kristenisasi umat
0.0,kesaksian nces nabati sat gempa cianjur
0.0,gempa cianjur tangal november gempa merusak catatan korban jiwa terbesar
0.0,rumah instan sederhana sehat dihuni warga terdampak gempa cianjur
0.0,pesan doa bmh pengungsian warga terdampak gempa cianjur
0.0,mahasiswa universitas paramadina dukungan psikososial penyintas gempa cianjur
0.0,airlanga menyerahkan tim relawan yelow clinic membantu menangani korban gempa cianjur momentumekonomiribangkit sempro baby don stop semarang tangal lucas page of sidang
0.0,terimakasih bantuan membantu korban gempa cianjur
0.0,mantap bukti kepedulian kemkominfo korban gempa cianjur
0.0,up fakultas hukum universitas jayabaya peduli gempa cianjur bantuan
0.0,inilahrewind warga mencoba catwalk remaja scbd sudirman citayam bojong depok kawasan dukuh magnet warga kota
0.0,hilmi front persaudaran islam memfasilitasi pernikahan maman disabilitas korban gempa cianjur dekorasi tenda darurat prasmanan seserahan dl selamat maman barakalahu laka baraka alaika jama bainakuma fi khair amin
0.0,pindah dimanapun pindah bencana menyoal kehidupan berjalan lintas generasi
0.0,relawan area buka menyalurkan bantuan korban gempa cianjur
-14.285714285714286,wkwk giliran gempa cianjur berisik nyebar hoax
0.0,sobat bumn mari naikan telkompedulicianjurtelkom bantuan masyarakat cianjur sekitarnyamangoesky star solusi komunikasi daruratdaerah terisolasi gempa cianjurdigitalbisauntukindonesialebihbaiktelkompedulicianjur
-6.25,deadly earthquake gempa mematikan kali gempa pasaman barat menyebabkan orang meningal gempa cianjur menyebabkan orang meningal
0.0,perjalanan airlanga yelow clinic tangani gempa cianjurterusdorongkemajuanri
0.0,hilmi fasilitasi pernikahan maman disabilitas korban gempa cianjur dekorasi tenda darurat prasmanan seserahan dl selamat maman barakalahu laka baraka alaika jama bainakuma fi khair amin amin amin rabal alamin
0.0,kedepankan peran tjsl rekind salurkan bantuan korban gempa cianjur rekind
0.0,pdri salurkan bantuan sembako gempa cianjur ahypolitikusmendunia
0.0,tidur ular kondisi terkini warga terdampak pasca gempa cianjur danso kebencanan status tangap darurat dicabut
0.0,kemensos resmikan kafe kreasi korban gempa cianjur lokasinya
0.0,mari beramal program nasi bungkus pengungsi gempa cianjur
